Language,original,english,czech,german,russian,polish,hungarian,italian,spanish,french,chinese,japanese,portuguese,chinesesimp
IAT_EM_ACTION_EXTRACT_BULLET_SELF,Extract bullet,Extract bullet,Vyjmout kulku,Kugel entfernen,Извлечь пулю,Wyjmij kulę,Lövedék eltávolítása,Estrarre proiettile,Extraer bala,Extraire une balle,取出子彈,弾丸を摘出する,Extrair bala,取出子弹
IAT_EM_ACTION_EXTRACT_BULLET_TARGET,Extract person's bullet,Extract person's bullet,Vyjmout kulku jiné osobě,Kugel einer anderen Person entfernen,Извлечь пулю у другого человека,Wyjmij kulę innej osobie,Lövedék eltávolítása másból,Estrarre proiettile a un'altra persona,Extraer bala a otra persona,Extraire une balle d'une autre personne,為他人取出子彈,他の人の弾丸を摘出する,Extrair bala de outra pessoa,为他人取出子弹
IAT_EM_ACTION_REMOVE_BANDAGE_SELF,Cut off bandage,Cut off bandage,Odstřihnout obvaz,Verband abschneiden,Срезать повязку,Odetnij bandaż,Kötés levágása,Tagliare benda,Cortar vendaje,Couper le bandage,剪除繃帶,包帯を切り取る,Cortar bandagem,剪除绷带
IAT_EM_ACTION_REMOVE_BANDAGE_TARGET,Cut off person's bandage,Cut off person's bandage,Odstřihnout obvaz jiné osobě,Verband einer anderen Person abschneiden,Срезать повязку у другого человека,Odetnij bandaż innej osobie,Más kötésének levágása,Tagliare la benda di un'altra persona,Cortar el vendaje de otra persona,Couper le bandage d'une autre personne,剪除他人的繃帶,他の人の包帯を切り取る,Cortar a bandagem de outra pessoa,剪除他人的绷带
IAT_EM_REMOVE_INCOMPATIBLE_DRESSING,Remove the damaged or incompatible dressing before applying a new one.,Remove the damaged or incompatible dressing before applying a new one.,Před přiložením nového krytí odstraňte poškozené nebo nevhodné krytí.,"Entferne den beschädigten oder ungeeigneten Verband, bevor du einen neuen anlegst.",Снимите повреждённую или неподходящую повязку перед наложением новой.,Przed założeniem nowego opatrunku usuń uszkodzony lub nieodpowiedni opatrunek.,Új kötés felhelyezése előtt távolítsd el a sérült vagy nem megfelelő kötést.,Rimuovi la medicazione danneggiata o non adatta prima di applicarne una nuova.,Retira el apósito dañado o inadecuado antes de colocar uno nuevo.,Retirez le pansement endommagé ou inadapté avant d'en appliquer un nouveau.,請先移除損壞或不適用的敷料，再使用新的敷料。,新しい被覆材を当てる前に、傷んだ、または適合しない被覆材を取り除いてください。,Remova o curativo danificado ou inadequado antes de aplicar um novo.,请先移除损坏或不适用的敷料，再使用新的敷料。
IAT_EM_DRESSING_ATTACHMENT_FAILED,The dressing could not be attached.,The dressing could not be attached.,Krytí se nepodařilo připevnit.,Der Verband konnte nicht angebracht werden.,Не удалось закрепить повязку.,Nie udało się założyć opatrunku.,A kötést nem sikerült rögzíteni.,Non è stato possibile applicare la medicazione.,No se pudo colocar el apósito.,Le pansement n'a pas pu être fixé.,無法固定敷料。,被覆材を固定できませんでした。,Não foi possível fixar o curativo.,无法固定敷料。
IAT_EM_BANDAGE_REMOVED,Cut off a bandage.,Cut off a bandage.,Obvaz byl odstřižen.,Ein Verband wurde abgeschnitten.,Повязка срезана.,Bandaż został odcięty.,Egy kötés le lett vágva.,Una benda è stata tagliata.,Se cortó un vendaje.,Un bandage a été coupé.,已剪除一條繃帶。,包帯を切り取りました。,Uma bandagem foi cortada.,已剪除一条绷带。
IAT_EM_PATIENT_BANDAGE_REMOVED,Your bandage was cut off.,Your bandage was cut off.,Váš obvaz byl odstřižen.,Dein Verband wurde abgeschnitten.,Ваша повязка была срезана.,Twój bandaż został odcięty.,Levágták a kötésedet.,La tua benda è stata tagliata.,Te han cortado el vendaje.,Votre bandage a été coupé.,你的繃帶已被剪除。,あなたの包帯が切り取られました。,Sua bandagem foi cortada.,你的绷带已被剪除。
IAT_EM_NO_RETAINED_BULLET,No retained bullet was found.,No retained bullet was found.,Nebyla nalezena žádná uvízlá kulka.,Es wurde keine verbliebene Kugel gefunden.,Застрявшая пуля не найдена.,Nie znaleziono uwięzionej kuli.,Nem található bent maradt lövedék.,Non è stato trovato alcun proiettile ritenuto.,No se encontró ninguna bala alojada.,Aucune balle logée dans le corps n'a été trouvée.,未發現殘留的子彈。,体内に残った弾丸は見つかりませんでした。,Nenhuma bala alojada foi encontrada.,未发现残留的子弹。
IAT_EM_BULLET_REMOVED_Head,Removed a retained bullet from head.,Removed a retained bullet from head.,Uvízlá kulka byla vyjmuta z hlavy.,Eine verbliebene Kugel aus dem Kopf entfernt.,Из головы извлечена застрявшая пуля.,Wyjęto uwięzioną kulę z głowy.,A bent maradt lövedék eltávolítva a fejből.,Rimosso un proiettile ritenuto dalla testa.,Se extrajo una bala alojada en la cabeza.,Une balle logée dans la tête a été retirée.,已取出殘留在頭部的子彈。,頭部に残っていた弾丸を摘出しました。,Uma bala alojada foi removida da cabeça.,已取出残留在头部的子弹。
IAT_EM_PATIENT_BULLET_REMOVED_Head,A retained bullet was removed from head.,A retained bullet was removed from head.,Z hlavy vám byla vyjmuta uvízlá kulka.,Eine verbliebene Kugel wurde aus dem Kopf entfernt.,У вас из головы извлечена застрявшая пуля.,Wyjęto uwięzioną kulę z głowy.,Egy bent maradt lövedéket eltávolítottak a fejből.,Un proiettile ritenuto è stato rimosso dalla testa.,Te han extraído una bala alojada en la cabeza.,Une balle logée dans la tête vous a été retirée.,殘留在你頭部的子彈已被取出。,あなたの頭部に残っていた弾丸が摘出されました。,Uma bala alojada foi removida da cabeça.,残留在你头部的子弹已被取出。
IAT_EM_BULLET_REMOVED_Torso,Removed a retained bullet from torso.,Removed a retained bullet from torso.,Uvízlá kulka byla vyjmuta z trupu.,Eine verbliebene Kugel aus dem Rumpf entfernt.,Из туловища извлечена застрявшая пуля.,Wyjęto uwięzioną kulę z tułowia.,A bent maradt lövedék eltávolítva a törzsből.,Rimosso un proiettile ritenuto dal tronco.,Se extrajo una bala alojada en el torso.,Une balle logée dans le torse a été retirée.,已取出殘留在軀幹的子彈。,胴体に残っていた弾丸を摘出しました。,Uma bala alojada foi removida do tronco.,已取出残留在躯干的子弹。
IAT_EM_PATIENT_BULLET_REMOVED_Torso,A retained bullet was removed from torso.,A retained bullet was removed from torso.,Z trupu vám byla vyjmuta uvízlá kulka.,Eine verbliebene Kugel wurde aus dem Rumpf entfernt.,У вас из туловища извлечена застрявшая пуля.,Wyjęto uwięzioną kulę z tułowia.,Egy bent maradt lövedéket eltávolítottak a törzsből.,Un proiettile ritenuto è stato rimosso dal tronco.,Te han extraído una bala alojada en el torso.,Une balle logée dans le torse vous a été retirée.,殘留在你軀幹的子彈已被取出。,あなたの胴体に残っていた弾丸が摘出されました。,Uma bala alojada foi removida do tronco.,残留在你躯干的子弹已被取出。
IAT_EM_BULLET_REMOVED_LeftArm,Removed a retained bullet from left arm.,Removed a retained bullet from left arm.,Uvízlá kulka byla vyjmuta z levé paže.,Eine verbliebene Kugel aus dem linken Arm entfernt.,Из левой руки извлечена застрявшая пуля.,Wyjęto uwięzioną kulę z lewego ramienia.,A bent maradt lövedék eltávolítva a bal karból.,Rimosso un proiettile ritenuto dal braccio sinistro.,Se extrajo una bala alojada en el brazo izquierdo.,Une balle logée dans le bras gauche a été retirée.,已取出殘留在左臂的子彈。,左腕に残っていた弾丸を摘出しました。,Uma bala alojada foi removida do braço esquerdo.,已取出残留在左臂的子弹。
IAT_EM_PATIENT_BULLET_REMOVED_LeftArm,A retained bullet was removed from left arm.,A retained bullet was removed from left arm.,Z levé paže vám byla vyjmuta uvízlá kulka.,Eine verbliebene Kugel wurde aus dem linken Arm entfernt.,У вас из левой руки извлечена застрявшая пуля.,Wyjęto uwięzioną kulę z lewego ramienia.,Egy bent maradt lövedéket eltávolítottak a bal karból.,Un proiettile ritenuto è stato rimosso dal braccio sinistro.,Te han extraído una bala alojada en el brazo izquierdo.,Une balle logée dans le bras gauche vous a été retirée.,殘留在你左臂的子彈已被取出。,あなたの左腕に残っていた弾丸が摘出されました。,Uma bala alojada foi removida do braço esquerdo.,残留在你左臂的子弹已被取出。
IAT_EM_BULLET_REMOVED_RightArm,Removed a retained bullet from right arm.,Removed a retained bullet from right arm.,Uvízlá kulka byla vyjmuta z pravé paže.,Eine verbliebene Kugel aus dem rechten Arm entfernt.,Из правой руки извлечена застрявшая пуля.,Wyjęto uwięzioną kulę z prawego ramienia.,A bent maradt lövedék eltávolítva a jobb karból.,Rimosso un proiettile ritenuto dal braccio destro.,Se extrajo una bala alojada en el brazo derecho.,Une balle logée dans le bras droit a été retirée.,已取出殘留在右臂的子彈。,右腕に残っていた弾丸を摘出しました。,Uma bala alojada foi removida do braço direito.,已取出残留在右臂的子弹。
IAT_EM_PATIENT_BULLET_REMOVED_RightArm,A retained bullet was removed from right arm.,A retained bullet was removed from right arm.,Z pravé paže vám byla vyjmuta uvízlá kulka.,Eine verbliebene Kugel wurde aus dem rechten Arm entfernt.,У вас из правой руки извлечена застрявшая пуля.,Wyjęto uwięzioną kulę z prawego ramienia.,Egy bent maradt lövedéket eltávolítottak a jobb karból.,Un proiettile ritenuto è stato rimosso dal braccio destro.,Te han extraído una bala alojada en el brazo derecho.,Une balle logée dans le bras droit vous a été retirée.,殘留在你右臂的子彈已被取出。,あなたの右腕に残っていた弾丸が摘出されました。,Uma bala alojada foi removida do braço direito.,残留在你右臂的子弹已被取出。
IAT_EM_BULLET_REMOVED_RightHand,Removed a retained bullet from right hand.,Removed a retained bullet from right hand.,Uvízlá kulka byla vyjmuta z pravé ruky.,Eine verbliebene Kugel aus der rechten Hand entfernt.,Из правой кисти извлечена застрявшая пуля.,Wyjęto uwięzioną kulę z prawej dłoni.,A bent maradt lövedék eltávolítva a jobb kézből.,Rimosso un proiettile ritenuto dalla mano destra.,Se extrajo una bala alojada en la mano derecha.,Une balle logée dans la main droite a été retirée.,已取出殘留在右手的子彈。,右手に残っていた弾丸を摘出しました。,Uma bala alojada foi removida da mão direita.,已取出残留在右手的子弹。
IAT_EM_PATIENT_BULLET_REMOVED_RightHand,A retained bullet was removed from right hand.,A retained bullet was removed from right hand.,Z pravé ruky vám byla vyjmuta uvízlá kulka.,Eine verbliebene Kugel wurde aus der rechten Hand entfernt.,У вас из правой кисти извлечена застрявшая пуля.,Wyjęto uwięzioną kulę z prawej dłoni.,Egy bent maradt lövedéket eltávolítottak a jobb kézből.,Un proiettile ritenuto è stato rimosso dalla mano destra.,Te han extraído una bala alojada en la mano derecha.,Une balle logée dans la main droite vous a été retirée.,殘留在你右手的子彈已被取出。,あなたの右手に残っていた弾丸が摘出されました。,Uma bala alojada foi removida da mão direita.,残留在你右手的子弹已被取出。
IAT_EM_BULLET_REMOVED_LeftHand,Removed a retained bullet from left hand.,Removed a retained bullet from left hand.,Uvízlá kulka byla vyjmuta z levé ruky.,Eine verbliebene Kugel aus der linken Hand entfernt.,Из левой кисти извлечена застрявшая пуля.,Wyjęto uwięzioną kulę z lewej dłoni.,A bent maradt lövedék eltávolítva a bal kézből.,Rimosso un proiettile ritenuto dalla mano sinistra.,Se extrajo una bala alojada en la mano izquierda.,Une balle logée dans la main gauche a été retirée.,已取出殘留在左手的子彈。,左手に残っていた弾丸を摘出しました。,Uma bala alojada foi removida da mão esquerda.,已取出残留在左手的子弹。
IAT_EM_PATIENT_BULLET_REMOVED_LeftHand,A retained bullet was removed from left hand.,A retained bullet was removed from left hand.,Z levé ruky vám byla vyjmuta uvízlá kulka.,Eine verbliebene Kugel wurde aus der linken Hand entfernt.,У вас из левой кисти извлечена застрявшая пуля.,Wyjęto uwięzioną kulę z lewej dłoni.,Egy bent maradt lövedéket eltávolítottak a bal kézből.,Un proiettile ritenuto è stato rimosso dalla mano sinistra.,Te han extraído una bala alojada en la mano izquierda.,Une balle logée dans la main gauche vous a été retirée.,殘留在你左手的子彈已被取出。,あなたの左手に残っていた弾丸が摘出されました。,Uma bala alojada foi removida da mão esquerda.,残留在你左手的子弹已被取出。
IAT_EM_BULLET_REMOVED_LeftLeg,Removed a retained bullet from left leg.,Removed a retained bullet from left leg.,Uvízlá kulka byla vyjmuta z levé nohy.,Eine verbliebene Kugel aus dem linken Bein entfernt.,Из левой ноги извлечена застрявшая пуля.,Wyjęto uwięzioną kulę z lewej nogi.,A bent maradt lövedék eltávolítva a bal lábból.,Rimosso un proiettile ritenuto dalla gamba sinistra.,Se extrajo una bala alojada en la pierna izquierda.,Une balle logée dans la jambe gauche a été retirée.,已取出殘留在左腿的子彈。,左脚に残っていた弾丸を摘出しました。,Uma bala alojada foi removida da perna esquerda.,已取出残留在左腿的子弹。
IAT_EM_PATIENT_BULLET_REMOVED_LeftLeg,A retained bullet was removed from left leg.,A retained bullet was removed from left leg.,Z levé nohy vám byla vyjmuta uvízlá kulka.,Eine verbliebene Kugel wurde aus dem linken Bein entfernt.,У вас из левой ноги извлечена застрявшая пуля.,Wyjęto uwięzioną kulę z lewej nogi.,Egy bent maradt lövedéket eltávolítottak a bal lábból.,Un proiettile ritenuto è stato rimosso dalla gamba sinistra.,Te han extraído una bala alojada en la pierna izquierda.,Une balle logée dans la jambe gauche vous a été retirée.,殘留在你左腿的子彈已被取出。,あなたの左脚に残っていた弾丸が摘出されました。,Uma bala alojada foi removida da perna esquerda.,残留在你左腿的子弹已被取出。
IAT_EM_BULLET_REMOVED_RightLeg,Removed a retained bullet from right leg.,Removed a retained bullet from right leg.,Uvízlá kulka byla vyjmuta z pravé nohy.,Eine verbliebene Kugel aus dem rechten Bein entfernt.,Из правой ноги извлечена застрявшая пуля.,Wyjęto uwięzioną kulę z prawej nogi.,A bent maradt lövedék eltávolítva a jobb lábból.,Rimosso un proiettile ritenuto dalla gamba destra.,Se extrajo una bala alojada en la pierna derecha.,Une balle logée dans la jambe droite a été retirée.,已取出殘留在右腿的子彈。,右脚に残っていた弾丸を摘出しました。,Uma bala alojada foi removida da perna direita.,已取出残留在右腿的子弹。
IAT_EM_PATIENT_BULLET_REMOVED_RightLeg,A retained bullet was removed from right leg.,A retained bullet was removed from right leg.,Z pravé nohy vám byla vyjmuta uvízlá kulka.,Eine verbliebene Kugel wurde aus dem rechten Bein entfernt.,У вас из правой ноги извлечена застрявшая пуля.,Wyjęto uwięzioną kulę z prawej nogi.,Egy bent maradt lövedéket eltávolítottak a jobb lábból.,Un proiettile ritenuto è stato rimosso dalla gamba destra.,Te han extraído una bala alojada en la pierna derecha.,Une balle logée dans la jambe droite vous a été retirée.,殘留在你右腿的子彈已被取出。,あなたの右脚に残っていた弾丸が摘出されました。,Uma bala alojada foi removida da perna direita.,残留在你右腿的子弹已被取出。
IAT_EM_BULLET_REMOVED_LeftFoot,Removed a retained bullet from left foot.,Removed a retained bullet from left foot.,Uvízlá kulka byla vyjmuta z levého chodidla.,Eine verbliebene Kugel aus dem linken Fuß entfernt.,Из левой стопы извлечена застрявшая пуля.,Wyjęto uwięzioną kulę z lewej stopy.,A bent maradt lövedék eltávolítva a bal lábfejből.,Rimosso un proiettile ritenuto dal piede sinistro.,Se extrajo una bala alojada en el pie izquierdo.,Une balle logée dans le pied gauche a été retirée.,已取出殘留在左腳的子彈。,左足に残っていた弾丸を摘出しました。,Uma bala alojada foi removida do pé esquerdo.,已取出残留在左脚的子弹。
IAT_EM_PATIENT_BULLET_REMOVED_LeftFoot,A retained bullet was removed from left foot.,A retained bullet was removed from left foot.,Z levého chodidla vám byla vyjmuta uvízlá kulka.,Eine verbliebene Kugel wurde aus dem linken Fuß entfernt.,У вас из левой стопы извлечена застрявшая пуля.,Wyjęto uwięzioną kulę z lewej stopy.,Egy bent maradt lövedéket eltávolítottak a bal lábfejből.,Un proiettile ritenuto è stato rimosso dal piede sinistro.,Te han extraído una bala alojada en el pie izquierdo.,Une balle logée dans le pied gauche vous a été retirée.,殘留在你左腳的子彈已被取出。,あなたの左足に残っていた弾丸が摘出されました。,Uma bala alojada foi removida do pé esquerdo.,残留在你左脚的子弹已被取出。
IAT_EM_BULLET_REMOVED_RightFoot,Removed a retained bullet from right foot.,Removed a retained bullet from right foot.,Uvízlá kulka byla vyjmuta z pravého chodidla.,Eine verbliebene Kugel aus dem rechten Fuß entfernt.,Из правой стопы извлечена застрявшая пуля.,Wyjęto uwięzioną kulę z prawej stopy.,A bent maradt lövedék eltávolítva a jobb lábfejből.,Rimosso un proiettile ritenuto dal piede destro.,Se extrajo una bala alojada en el pie derecho.,Une balle logée dans le pied droit a été retirée.,已取出殘留在右腳的子彈。,右足に残っていた弾丸を摘出しました。,Uma bala alojada foi removida do pé direito.,已取出残留在右脚的子弹。
IAT_EM_PATIENT_BULLET_REMOVED_RightFoot,A retained bullet was removed from right foot.,A retained bullet was removed from right foot.,Z pravého chodidla vám byla vyjmuta uvízlá kulka.,Eine verbliebene Kugel wurde aus dem rechten Fuß entfernt.,У вас из правой стопы извлечена застрявшая пуля.,Wyjęto uwięzioną kulę z prawej stopy.,Egy bent maradt lövedéket eltávolítottak a jobb lábfejből.,Un proiettile ritenuto è stato rimosso dal piede destro.,Te han extraído una bala alojada en el pie derecho.,Une balle logée dans le pied droit vous a été retirée.,殘留在你右腳的子彈已被取出。,あなたの右足に残っていた弾丸が摘出されました。,Uma bala alojada foi removida do pé direito.,残留在你右脚的子弹已被取出。
